{"cameraMode":{"drawMode":0,"name":"Shaded","section":"Shading Mode"},"sceneLighting":false,"audioPlay":false,"sceneViewState":{"m_AlwaysRefresh":false,"showFog":true,"showSkybox":false,"showFlares":true,"showImageEffects":true,"showParticleSystems":true,"showVisualEffectGraphs":true,"m_FxEnabled":true},"in2DMode":false,"pivot":{"x":-6.864413738250732,"y":2.112638235092163,"z":-0.2499997615814209},"rotation":{"x":0.05696925148367882,"y":-0.0029933322221040727,"z":0.00017014384502545,"w":0.9983775615692139},"size":1.7947945594787598,"orthographic":false}